day,0,1,2,3,4,5,6
20100112,0,3,2,2,0,7,0
20100113,9,10,10,4,14,7,12
20100114,5,5,3,4,3,6,0
20100115,0,4,2,3,0,5,0
20100119,8,9,8,4,12,9,4
20100120,6,6,3,6,5,4,0
20100121,0,4,2,3,0,5,0
20100122,2,2,2,3,4,3,0
20100125,5,5,9,6,6,5,6
20100126,0,12,3,9,9,0,3
20100127,15,4,12,14,12,4,15
20100128,3,0,9,9,3,12,0
20100129,6,5,6,6,9,5,5
20100201,0,3,6,3,2,2,2
20100202,0,10,0,3,6,3,6
20100203,0,0,0,12,0,6,6
20100204,0,0,14,0,6,8,0
20100205,6,6,6,6,4,8,8
20100208,0,8,4,0,4,6,4
20100209,8,8,0,6,6,6,6
20100210,0,0,5,0,2,3,0
20100211,4,9,4,10,4,10,9
20100212,0,4,6,0,7,3,4
20100216,4,11,0,11,4,6,6
20100217,0,0,5,0,2,3,0
20100218,6,6,6,6,4,8,8
20100219,0,6,3,0,3,6,0
20100222,4,4,6,4,6,4,4
20100223,0,6,3,0,3,6,0
20100224,8,8,4,6,6,6,6
20100225,0,4,3,0,10,0,3
20100226,4,4,0,16,0,4,4
20100301,4,0,16,0,4,4,4
20100302,0,10,0,3,3,4,0
20100303,0,6,4,4,0,7,7
20100304,12,12,12,0,12,12,12
20100305,12,12,0,6,6,6,6
20100308,0,0,0,0,0,0,0
20100309,6,6,6,6,0,12,12
20100310,6,6,6,0,6,12,0
20100311,3,3,3,3,4,4,0
20100312,0,4,2,4,6,2,2
20100315,2,2,6,4,2,4,0
20100316,0,4,4,3,3,3,3
20100317,0,8,4,0,4,6,4
20100318,8,8,0,6,6,6,6
20100319,0,0,5,0,2,3,0
20100322,4,8,9,8,4,9,12
20100323,10,12,10,4,12,12,0
20100324,12,10,4,12,12,0,10
20100325,5,3,4,4,0,8,0
20100326,4,4,4,6,12,3,3
20100329,3,3,8,6,3,4,3
20100330,0,12,0,7,6,6,3
20100331,6,0,7,3,4,4,0
20100401,6,6,6,6,4,8,8
20100405,0,12,6,0,6,6,6
20100406,8,8,0,6,6,6,6
20100407,0,0,8,8,0,8,8
20100408,0,10,10,0,8,12,0
20100409,4,4,6,4,6,4,4
20100412,0,6,3,0,3,6,0
20100413,3,3,3,3,4,4,0
20100414,0,9,5,3,8,6,3
20100415,12,10,4,12,10,4,6
20100416,0,3,0,6,0,3,0
20100419,6,6,6,6,4,8,8
20100420,6,3,6,3,4,8,0
20100421,0,8,3,4,3,5,3
20100422,11,4,6,4,11,4,4
20100423,4,6,4,11,4,4,11
20100426,4,3,5,3,3,8,0
20100427,2,2,2,4,4,2,0
20100428,0,1,2,3,2,1,1
20100429,0,6,8,3,4,4,3
20100430,0,8,0,4,4,0,0
20100503,6,6,6,6,0,8,8
20100504,6,6,6,0,6,12,0
20100505,4,4,6,4,6,4,4
20100506,0,6,3,0,3,6,0
20100507,3,3,3,3,4,4,0
20100510,0,9,6,3,10,8,0
20100511,9,9,4,18,13,0,9
20100512,12,4,18,14,0,12,4
20100513,3,6,9,0,8,4,0
20100514,4,4,3,4,3,6,0
20100517,0,8,4,3,6,3,6
20100518,8,8,4,6,6,6,6
20100519,0,3,0,6,0,3,0
20100520,4,3,5,3,3,8,0
20100521,8,3,8,6,8,3,8
20100524,0,12,3,6,6,6,3
20100525,6,3,3,7,3,4,0
20100526,6,9,7,9,4,9,12
20100527,12,7,14,4,10,10,9
20100528,0,8,0,4,4,3,5
20100601,0,0,8,8,0,8,8
20100602,0,12,12,4,10,12,10
20100603,3,3,3,3,4,4,0
20100604,0,2,1,2,3,2,0
20100607,1,1,4,4,4,1,1
20100608,0,3,6,3,2,2,2
20100609,0,7,0,2,2,3,0
20100610,0,4,3,3,0,10,0
20100611,4,4,4,0,16,0,4
20100614,4,4,8,12,8,4,16
20100615,4,8,12,8,4,16,4
20100616,8,12,8,4,16,4,4
20100617,0,8,0,12,6,0,10
20100618,6,0,12,9,0,15,0
20100621,3,4,4,3,8,6,0
20100622,1,1,4,4,4,1,1
20100623,0,2,3,2,1,2,0
20100624,0,4,4,3,3,3,3
20100625,0,8,4,0,4,6,4
20100628,10,10,0,8,6,8,6
20100629,0,0,4,0,4,0,0
20100630,6,8,6,8,0,10,10
20100701,7,12,7,0,8,8,8
20100702,12,12,0,6,6,6,6
20100706,0,0,0,0,0,0,0
20100707,0,0,0,0,0,0,0
20100708,0,0,0,0,0,0,0
20100709,6,6,6,6,0,12,12
20100712,6,6,6,0,6,12,0
20100713,3,3,3,3,4,4,0
20100714,0,8,4,3,6,3,6
20100715,8,8,4,6,6,6,6
20100716,0,4,0,9,6,3,8
20100719,3,0,9,9,3,12,0
20100720,4,10,12,6,12,10,4
20100721,0,12,3,9,9,0,3
20100722,15,4,12,15,0,4,4
20100723,3,0,10,0,3,4,0
20100726,3,5,3,4,3,8,0
20100727,0,8,4,3,6,3,6
20100728,5,5,3,4,3,6,0
20100729,0,6,4,4,0,5,5
20100730,7,12,7,0,8,8,8
20100802,12,12,0,6,6,6,6
20100803,0,0,3,3,3,0,9
20100804,0,8,15,15,0,20,18
20100805,3,8,8,0,7,12,0
20100806,3,3,3,3,4,4,0
20100809,0,8,4,3,6,3,6
20100810,5,5,3,4,3,6,0
20100811,0,4,2,3,0,5,0
20100812,3,4,3,6,8,3,3
20100813,3,3,8,6,3,4,3
20100816,0,8,0,5,3,4,4
20100817,11,0,11,4,6,6,4
20100818,0,12,0,9,9,4,14
20100819,0,0,4,4,0,8,0
20100820,6,6,6,6,12,6,6
20100823,2,2,6,4,2,4,0
20100824,0,3,2,2,2,3,0
20100825,0,8,4,3,6,3,6
20100826,5,5,3,4,3,6,0
20100827,0,6,3,7,0,7,3
20100830,6,4,11,0,11,4,6
20100831,4,9,0,10,9,6,10
20100901,0,0,10,6,6,10,0
20100902,0,12,9,9,12,0,10
20100903,10,6,9,10,0,9,4
20100907,4,3,7,0,6,4,0
20100908,6,5,6,5,4,6,6
20100909,0,6,3,0,3,6,0
20100910,4,4,6,4,6,4,4
20100913,0,12,6,0,6,6,6
20100914,7,7,0,4,4,6,0
20100915,0,4,6,6,0,8,8
20100916,8,15,18,0,18,15,8
20100917,8,8,0,6,6,4,0
20100920,0,4,6,6,0,8,8
20100921,3,8,8,0,7,12,0
20100922,4,4,6,4,6,4,4
20100923,0,6,3,0,3,6,0
20100924,6,6,4,5,6,5,6
20100927,0,3,4,0,4,3,0
20100928,4,4,3,4,3,6,0
20100929,0,4,2,4,6,2,2
20100930,2,2,6,4,2,4,0
20101001,0,4,4,3,3,3,3
20101004,0,6,3,0,3,6,0
20101005,12,9,4,8,9,8,4
20101006,0,3,2,0,5,0,0
20101007,4,4,3,5,0,8,0
20101008,5,8,5,4,8,4,8
20101011,5,5,3,4,3,6,0
20101012,0,6,6,6,0,6,6
20101013,4,8,6,0,5,9,0
20101014,4,4,6,4,6,4,4
20101015,0,12,8,0,10,10,0
20101018,8,8,0,8,8,0,0
20101019,5,3,4,4,0,8,0
20101020,4,4,4,6,12,3,3
20101021,3,3,8,6,3,4,3
20101022,0,6,0,4,4,4,4
20101025,0,0,8,6,3,8,3
20101026,0,10,9,6,10,4,9
20101027,0,6,6,6,0,6,6
20101028,4,8,6,0,5,9,0
20101029,3,3,3,3,4,4,0
20101101,0,8,4,3,6,3,6
20101102,16,16,8,12,16,12,0
20101103,18,8,8,18,15,0,15
20101104,12,0,21,21,0,18,12
20101105,0,6,12,0,10,8,0
20101108,6,5,6,5,4,6,6
20101109,0,6,3,0,3,6,0
20101110,4,4,6,4,6,4,4
20101111,0,6,3,0,3,6,0
20101112,3,3,3,3,4,4,0
20101115,0,4,2,4,6,2,2
20101116,2,2,6,4,2,4,0
20101117,0,6,3,4,3,4,4
20101118,0,8,10,0,12,6,0
20101119,6,10,0,10,6,0,0
20101122,10,4,12,12,0,10,12
20101123,3,8,8,0,7,12,0
20101124,4,4,6,4,6,4,4
20101126,0,6,3,0,3,6,0
20101129,6,6,4,5,6,5,6
20101130,0,3,4,0,4,3,0
20101201,6,5,6,5,4,6,6
20101202,0,8,4,0,4,6,4
20101203,5,5,0,4,4,6,0
20101206,0,4,5,6,3,6,6
20101207,3,6,8,3,5,9,0
20101208,0,4,4,3,3,3,3
20101209,0,6,3,0,3,6,0
20101210,4,4,6,4,6,4,4
20101213,0,12,6,0,6,6,6
20101214,7,7,0,4,4,6,0
20101215,0,6,4,4,0,7,7
20101216,12,12,12,0,12,12,12
20101217,7,7,0,4,4,6,0
20101220,0,4,6,6,0,8,8
20101221,8,15,15,0,20,18,0
20101222,12,10,4,12,12,0,10
20101223,5,3,4,4,0,8,0
20101227,4,4,4,6,12,3,3
20101228,3,3,8,6,3,4,3
20101229,0,5,0,3,2,4,0
20101230,0,3,2,2,2,5,0
20101231,4,2,4,6,8,2,2
20110103,0,14,8,6,8,8,0
20110104,16,12,8,16,16,0,12
20110105,12,0,18,18,0,12,12
20110106,0,10,10,0,8,12,0
20110107,4,4,6,4,6,4,4
20110110,0,12,8,0,10,10,0
20110111,8,8,0,8,8,0,0
20110112,6,6,6,6,0,8,8
20110113,8,8,8,0,7,12,7
20110114,8,8,0,6,6,6,6
20110118,0,0,5,0,2,3,0
20110119,6,6,6,6,4,8,8
20110120,0,6,3,0,3,6,0
20110121,4,4,6,4,6,4,4
20110124,0,12,8,0,10,10,0
20110125,15,15,0,18,20,0,8
20110126,15,0,15,18,8,8,18
20110127,0,6,10,6,6,16,0
20110128,2,2,2,4,4,2,0
20110131,0,1,2,3,2,1,1
20110201,0,6,8,3,4,4,3
20110202,0,8,0,4,4,0,0
20110203,5,3,4,4,0,8,0
20110204,8,8,8,4,12,4,12
20110207,9,9,8,6,8,6,6
20110208,0,8,0,12,6,0,10
20110209,8,0,18,15,8,15,18
20110210,0,8,8,6,8,14,0
20110211,1,1,4,4,4,1,1
20110214,0,3,6,3,2,2,2
20110215,0,8,0,4,4,3,5
20110216,0,0,8,8,0,8,8
20110217,0,10,10,0,8,12,0
20110218,3,3,3,3,4,4,0
20110222,0,2,1,2,3,2,0
20110223,2,2,8,6,4,2,4
20110224,0,12,3,6,6,6,3
20110225,16,4,8,12,8,4,4
20110228,4,0,14,0,12,4,12
20110301,0,8,0,8,3,9,0
20110302,0,6,3,4,3,5,5
20110303,12,4,12,4,8,8,8
20110304,0,7,0,2,2,3,0
20110307,0,3,2,2,0,7,0
20110308,4,4,4,6,12,3,3
20110309,2,2,6,4,2,4,0
20110310,0,3,2,2,2,3,0
20110311,0,9,5,3,8,6,3
20110314,12,10,4,12,10,4,6
20110315,0,3,0,6,0,3,0
20110316,4,3,5,3,3,8,0
20110317,8,3,8,6,8,3,8
20110318,0,8,3,3,5,3,4
20110321,0,4,0,10,0,3,3
20110322,4,0,13,8,9,4,16
20110323,0,7,6,6,3,12,0
20110324,0,4,2,4,6,2,2
20110325,14,7,12,9,10,10,4
20110328,0,8,0,4,4,0,0
20110329,6,6,6,6,0,8,8
20110330,6,6,6,0,6,12,0
20110331,4,4,6,4,6,4,4
20110401,0,6,3,0,3,6,0
20110404,4,4,6,4,6,4,4
20110405,0,12,6,0,6,6,6
20110406,12,12,0,6,6,6,6
20110407,0,0,0,0,0,0,0
20110408,0,0,0,0,0,0,0
20110411,3,3,3,3,0,12,0
20110412,8,8,8,4,12,4,12
20110413,9,9,8,6,8,6,6
20110414,0,6,0,6,0,0,0
20110415,6,3,6,3,0,10,0
20110418,8,8,8,4,12,4,12
20110419,9,9,8,6,8,6,6
20110420,0,8,0,12,6,0,10
20110421,12,0,21,12,0,21,0
20110425,0,6,6,0,12,0,0
20110426,4,4,3,5,0,8,0
20110427,3,4,3,6,8,3,3
20110428,2,2,6,4,2,4,0
20110429,0,8,3,4,3,5,3
20110502,0,3,2,0,5,0,0
20110503,6,6,6,6,0,8,8
20110504,5,8,5,0,5,8,5
20110505,5,5,0,4,4,6,0
20110506,0,6,3,4,3,5,5
20110509,12,4,12,4,8,8,8
20110510,0,12,0,3,3,3,3
20110511,0,0,0,0,0,0,0
20110512,6,6,6,6,0,12,12
20110513,6,6,6,0,6,12,0
20110516,3,3,3,3,4,4,0
20110517,0,8,4,3,6,3,6
20110518,9,9,8,6,8,6,6
20110519,0,8,0,12,6,0,10
20110520,6,0,12,9,0,15,0
20110523,6,6,6,6,12,6,6
20110524,3,3,8,6,3,4,3
20110525,0,10,0,6,3,6,3
20110526,0,0,4,0,4,0,0
20110527,4,10,9,10,0,11,14
20110531,10,12,10,0,12,12,4
20110601,8,8,0,6,6,4,0
20110602,0,6,4,4,0,7,7
20110603,6,6,6,0,6,12,0
20110606,3,3,3,3,4,4,0
20110607,0,2,1,2,3,2,0
20110608,2,2,8,6,4,2,4
20110609,0,8,3,3,5,3,4
20110610,0,3,0,6,0,3,0
20110613,6,9,7,9,4,9,12
20110614,12,8,12,4,12,12,4
20110615,0,8,0,4,4,0,0
20110616,6,6,6,6,0,8,8
20110617,6,6,6,0,6,12,0
20110620,3,3,3,3,4,4,0
20110621,0,9,6,3,10,8,0
20110622,6,6,3,8,7,0,0
20110623,10,6,9,10,0,9,4
20110624,4,3,7,0,6,4,0
20110627,6,5,6,5,4,6,6
20110628,0,8,4,0,4,6,4
20110629,5,5,0,4,4,6,0
20110630,0,6,3,4,3,5,5
20110701,12,7,14,4,10,10,9
20110705,0,16,0,6,10,6,6
20110706,8,0,3,10,3,8,0
20110707,4,9,12,9,8,10,16
20110708,6,3,6,3,4,8,0
20110711,0,3,2,2,2,3,0
20110712,0,4,2,4,6,2,2
20110713,3,3,12,6,4,4,4
20110714,0,8,0,4,4,3,5
20110715,0,0,6,10,0,10,6
20110718,0,12,21,0,21,12,0
20110719,6,10,0,10,6,0,0
20110720,10,4,12,12,0,10,12
20110721,3,8,8,0,7,12,0
20110722,4,4,6,4,6,4,4
20110725,0,8,4,0,4,6,4
20110726,6,6,0,5,6,6,5
20110727,0,0,4,4,2,6,0
20110728,6,5,6,6,9,5,5
20110729,0,3,4,3,2,2,2
20110801,0,10,0,6,3,6,3
20110802,0,0,4,0,4,0,0
20110803,6,8,6,8,0,10,10
20110804,4,6,4,0,4,8,0
20110805,4,4,6,4,6,4,4
20110808,0,6,3,0,3,6,0
20110809,8,8,4,6,6,6,6
20110810,0,3,2,0,5,0,0
20110811,6,6,12,10,0,10,12
20110812,6,12,10,0,10,12,6
20110815,12,10,0,10,12,6,6
20110816,0,0,5,0,2,3,0
20110817,6,6,6,6,4,8,8
20110818,0,6,3,0,3,6,0
20110819,4,4,6,4,6,4,4
20110822,0,12,6,0,6,6,6
20110823,12,12,0,6,6,6,6
20110824,0,0,0,6,6,0,12
20110825,0,0,9,9,0,18,0
20110826,4,12,12,4,12,8,12
20110829,8,8,4,6,6,6,6
20110830,0,3,0,6,0,3,0
20110831,4,3,5,3,3,8,0
20110901,4,2,4,6,8,2,2
20110902,0,2,3,2,1,2,0
20110906,0,8,3,4,3,5,3
20110907,0,4,3,0,10,0,3
20110908,4,4,8,12,8,4,16
20110909,3,6,6,6,3,12,0
20110912,4,2,4,6,8,2,2
20110913,0,3,6,3,2,2,2
20110914,0,16,0,6,10,6,6
20110915,16,0,12,16,12,8,16
20110916,0,8,18,8,12,22,0
20110919,8,18,8,12,22,0,0
20110920,10,6,6,10,0,0,0
20110921,6,3,6,3,0,10,0
20110922,2,2,2,3,6,3,0
20110923,1,1,4,4,4,1,1
20110926,0,3,4,3,2,2,2
20110927,0,5,0,3,2,4,0
20110928,0,6,3,4,3,5,5
20110929,6,3,6,3,4,8,0
20110930,0,3,2,2,2,3,0
20111003,0,4,2,4,6,2,2
20111004,6,6,12,6,6,6,6
20111005,0,18,0,9,9,0,0
20111006,21,0,12,18,12,0,21
20111007,0,0,9,9,0,18,0
20111010,4,12,14,4,15,11,8
20111011,12,10,4,12,10,4,6
20111012,0,3,0,6,0,3,0
20111013,6,6,6,6,4,8,8
20111014,12,4,12,4,8,8,8
20111017,0,7,0,2,2,3,0
20111018,0,6,4,4,0,7,7
20111019,6,6,6,0,6,12,0
20111020,4,4,6,4,6,4,4
20111021,0,12,6,0,6,6,6
20111024,12,12,0,6,6,6,6
20111025,0,0,0,0,0,0,0
20111026,4,9,9,9,0,13,18
20111027,12,12,12,0,12,12,12
20111028,8,8,0,6,6,6,6
20111031,0,0,6,6,3,8,7
20111101,0,8,8,6,8,14,0
20111102,1,1,4,4,4,1,1
20111103,0,3,6,3,2,2,2
20111104,0,7,0,2,2,3,0
20111107,0,6,4,4,0,7,7
20111108,12,14,14,0,14,14,12
20111109,7,7,0,4,4,6,0
20111110,0,6,4,4,0,7,7
20111111,12,12,12,0,12,12,12
20111114,8,8,0,6,6,6,6
20111115,0,0,6,6,0,12,0
20111116,0,6,6,0,12,0,0
20111117,4,4,3,5,0,8,0
20111118,3,4,3,6,8,3,3
20111121,2,2,6,4,2,4,0
20111122,0,12,3,6,6,7,0
20111123,6,3,4,3,6,0,0
20111125,6,6,6,6,0,8,8
20111128,10,14,9,0,10,10,9
20111129,7,7,0,4,4,6,0
20111130,0,4,6,6,0,8,8
20111201,4,12,12,0,10,12,10
20111202,5,5,0,4,4,6,0
20111205,0,6,3,4,3,5,5
20111206,6,3,6,3,4,8,0
20111207,0,4,4,3,3,3,3
20111208,0,12,6,0,6,6,6
20111209,12,12,0,6,6,6,6
20111212,0,0,0,0,0,0,0
20111213,3,3,3,3,0,12,0
20111214,2,2,2,3,6,3,0
20111215,1,1,4,4,4,1,1
20111216,0,6,8,3,4,4,3
20111219,0,15,0,9,12,0,6
20111220,21,0,12,21,0,12,0
20111221,0,0,9,0,9,0,0
20111222,6,8,6,8,0,10,10
20111223,7,12,7,0,8,8,8
20111227,8,8,0,6,6,6,6
20111228,0,0,4,4,0,8,0
20111229,6,6,6,6,12,6,6
20111230,3,3,8,6,3,4,3
20120103,0,10,0,6,3,6,3
20120104,0,0,6,3,6,0,7
20120105,0,12,8,18,0,18,8
20120106,6,4,11,0,11,4,6
20120109,3,7,0,7,3,6,0
20120110,0,6,3,4,3,5,5
20120111,6,3,6,3,4,8,0
20120112,0,3,2,2,2,3,0
20120113,0,2,1,2,3,2,0
20120117,5,5,9,6,6,5,6
20120118,0,12,3,9,9,0,3
20120119,8,3,6,9,0,4,0
20120120,4,3,5,3,3,8,0
20120123,8,3,8,6,8,3,8
20120124,0,5,2,2,2,3,0
20120125,0,9,3,8,0,8,0
20120126,6,3,6,0,7,0,0
20120127,6,6,6,6,0,8,8
20120130,7,12,7,0,8,8,8
20120131,8,8,0,6,6,6,6
20120201,0,0,4,4,0,8,0
20120202,3,4,4,3,8,6,0
20120203,2,2,8,6,4,2,4
20120206,0,8,3,3,5,3,4
20120207,0,8,0,14,0,6,0
20120208,12,0,24,0,12,0,0
20120209,0,16,0,16,0,0,0
20120210,9,0,9,0,0,0,0
20120213,6,6,6,6,0,12,12
20120214,8,8,8,0,7,12,7
20120215,5,5,0,4,4,6,0
20120216,0,6,3,4,3,5,5
20120217,8,4,8,4,5,8,5
20120221,0,10,0,6,3,6,3
20120222,0,0,4,0,4,0,0
20120223,6,8,6,8,0,10,10
20120224,7,12,7,0,8,8,8
20120227,8,8,0,6,6,6,6
20120228,0,0,6,6,0,12,0
20120229,0,8,8,0,24,0,8
20120301,3,3,0,10,0,4,0
20120302,4,3,5,3,3,8,0
20120305,2,2,2,4,4,2,0
20120306,0,1,2,3,2,1,1
20120307,0,3,6,3,2,2,2
20120308,0,12,0,3,3,3,3
20120309,0,0,0,6,6,0,12
20120312,0,0,18,18,0,18,18
20120313,0,18,20,0,15,15,8
20120314,18,20,0,15,15,8,0
20120315,9,0,3,3,3,0,0
20120316,6,6,6,6,0,12,12
20120319,12,12,12,0,12,12,12
20120320,8,8,0,6,6,6,6
20120321,0,0,4,4,0,8,0
20120322,6,6,6,6,12,6,6
20120323,3,3,8,6,3,4,3
20120326,0,10,0,6,3,6,3
20120327,0,0,6,0,12,0,6
20120328,0,8,8,20,8,8,20
20120329,3,6,6,6,3,12,0
20120330,2,2,2,4,4,2,0
20120402,0,2,4,4,2,2,2
20120403,0,8,3,3,5,3,4
20120404,0,3,0,6,0,3,0
20120405,6,6,6,6,4,8,8
20120409,8,4,8,4,5,8,5
20120410,0,5,0,3,2,4,0
20120411,0,6,3,4,3,5,5
20120412,8,4,8,4,5,8,5
20120413,0,5,0,3,2,4,0
20120416,0,3,2,2,2,5,0
20120417,9,6,10,6,10,6,9
20120418,0,6,3,4,4,3,4
20120419,0,3,4,5,0,6,0
20120420,6,6,5,6,9,5,5
20120423,3,3,12,6,4,4,4
20120424,0,8,0,4,4,3,5
20120425,12,0,9,9,4,14,0
20120426,0,6,6,0,12,0,0
20120427,4,4,3,5,0,8,0
20120430,2,2,2,3,4,3,0
20120501,1,1,4,4,4,1,1
20120502,0,3,6,3,2,2,2
20120503,0,8,0,4,4,3,5
20120504,0,0,4,4,0,8,0
20120507,6,6,6,6,12,6,6
20120508,3,3,8,6,3,4,3
20120509,0,12,0,7,6,6,3
20120510,16,0,13,8,9,4,4
20120511,0,10,0,3,3,4,0
20120514,0,3,2,2,0,7,0
20120515,4,4,4,6,12,3,3
20120516,2,2,6,4,2,4,0
20120517,0,3,2,2,2,3,0
20120518,0,4,2,4,6,2,2
20120521,14,14,12,12,14,14,0
20120522,7,8,3,6,6,0,0
20120523,10,9,10,10,0,9,14
20120524,6,6,6,0,6,12,0
20120525,4,4,6,4,6,4,4
20120529,0,12,6,0,6,6,6
20120530,10,10,0,6,8,6,8
20120531,0,0,0,6,0,6,0
20120601,3,3,6,3,6,9,0
20120604,4,2,4,6,8,2,2
20120605,0,3,4,3,2,2,2
20120606,0,10,0,6,3,6,3
20120607,11,0,10,9,10,4,14
20120608,0,12,8,18,0,18,8
20120611,4,3,7,0,6,4,0
20120612,6,5,6,5,4,6,6
20120613,0,6,3,0,3,6,0
20120614,4,4,6,4,6,4,4
20120615,0,12,7,0,8,8,3
20120618,18,14,0,12,12,4,4
20120619,0,0,0,0,0,0,0
20120620,3,3,3,3,0,12,0
20120621,2,2,2,3,6,3,0
20120622,1,1,4,4,4,1,1
20120625,0,2,3,2,1,2,0
20120626,0,4,4,3,3,3,3
20120627,0,12,6,0,6,6,6
20120628,7,7,0,4,4,6,0
20120629,0,4,3,3,0,10,0
20120702,4,4,4,0,16,0,4
20120703,4,4,0,15,12,4,15
20120705,4,0,15,12,4,15,4
20120706,0,9,6,3,8,4,0
20120709,0,6,4,4,0,5,5
20120710,4,6,4,0,4,8,0
20120711,4,4,6,4,6,4,4
20120712,0,6,3,0,3,6,0
20120713,8,8,4,6,6,6,6
20120716,0,4,3,0,10,0,3
20120717,4,4,8,12,8,4,16
20120718,3,6,6,6,3,12,0
20120719,9,7,9,6,12,9,4
20120720,0,6,2,4,4,0,0
20120723,5,6,6,5,0,6,6
20120724,5,8,5,0,5,8,5
20120725,5,5,0,4,4,6,0
20120726,0,6,3,4,3,5,5
20120727,12,4,12,4,8,8,8
20120730,0,16,0,6,10,6,6
20120731,22,0,8,18,8,12,0
20120801,0,0,9,0,9,0,0
20120802,6,8,6,8,0,10,10
20120803,7,12,7,0,8,8,8
20120806,10,10,0,6,8,6,8
20120807,0,0,0,6,0,6,0
20120808,6,6,8,6,8,9,9
20120809,12,4,12,4,8,8,8
20120810,0,12,0,3,3,3,3
20120813,0,0,0,0,0,0,0
20120814,0,4,4,4,4,0,16
20120815,3,3,3,3,0,12,0
20120816,8,8,8,4,12,4,12
20120817,9,9,8,6,8,6,6
20120820,0,12,0,12,0,0,0
20120821,9,0,9,0,0,0,0
20120822,6,6,6,6,0,12,12
20120823,6,6,6,0,6,12,0
20120824,4,4,6,4,6,4,4
20120827,0,12,7,0,8,8,3
20120828,8,8,0,6,6,4,0
20120829,0,3,2,2,0,7,0
20120830,2,2,2,3,6,3,0
20120831,1,1,4,4,4,1,1
20120904,0,14,8,6,8,8,0
20120905,7,8,3,6,6,0,0
20120906,10,4,12,12,0,10,12
20120907,4,12,12,0,10,12,10
20120910,5,5,0,4,4,6,0
20120911,0,6,3,4,3,5,5
20120912,12,4,12,4,8,8,8
20120913,0,12,0,3,3,3,3
20120914,0,0,0,6,6,0,12
20120917,0,0,18,18,0,18,18
20120918,0,10,10,0,8,12,0
20120919,3,3,3,3,4,4,0
20120920,0,2,1,2,3,2,0
20120921,1,1,4,4,4,1,1
20120924,0,2,3,2,1,2,0
20120925,0,3,2,2,2,3,0
20120926,0,4,2,4,6,2,2
20120927,6,6,12,6,6,6,6
20120928,0,8,0,4,4,0,0
20121001,6,6,6,6,0,8,8
20121002,12,12,12,0,12,12,12
20121003,12,12,0,6,6,6,6
20121004,0,0,0,0,0,0,0
20121005,3,3,3,3,0,12,0
20121008,2,2,2,3,6,3,0
20121009,2,2,8,6,4,2,4
20121010,0,9,6,3,6,3,3
20121011,0,6,0,6,0,0,0
20121012,9,9,12,9,0,11,16
20121015,12,14,14,0,14,14,12
20121016,18,13,0,9,9,9,4
20121017,0,0,0,0,0,0,0
20121018,3,3,3,3,0,12,0
20121019,2,2,2,3,6,3,0
20121022,5,5,9,6,6,5,6
20121023,0,6,2,4,4,0,0
20121024,5,6,6,5,0,6,6
20121025,5,8,5,0,5,8,5
20121026,8,8,0,6,6,6,6
20121031,0,0,5,0,2,3,0
20121101,4,11,4,6,4,11,4
20121102,0,3,2,0,5,0,0
20121105,6,6,6,6,0,8,8
20121106,5,8,5,0,5,8,5
20121107,5,5,0,4,4,6,0
20121108,0,6,3,4,3,5,5
20121109,12,4,12,4,8,8,8
20121112,0,10,0,3,6,3,6
20121113,0,0,0,12,0,6,6
20121114,0,4,16,4,9,8,13
20121115,3,5,3,4,3,8,0
20121116,0,8,4,3,6,3,6
20121119,16,16,8,12,16,12,0
20121120,8,6,3,8,3,0,0
20121121,8,6,8,6,0,10,10
20121123,12,12,12,0,12,12,12
20121126,12,12,0,6,6,6,6
20121127,0,0,0,0,0,0,0
20121128,6,6,6,6,0,12,12
20121129,12,12,12,0,12,12,12
20121130,7,7,0,4,4,6,0
20121203,0,6,4,4,0,7,7
20121204,6,6,6,0,6,12,0
20121205,3,3,3,3,4,4,0
20121206,0,4,2,4,6,2,2
20121207,3,3,8,6,3,4,3
20121210,0,8,0,5,3,4,4
20121211,11,0,11,4,6,6,4
20121212,0,11,4,6,6,4,11
20121213,0,3,2,2,0,7,0
20121214,2,2,2,3,6,3,0
20121217,2,2,8,6,4,2,4
20121218,0,16,6,6,10,6,0
20121219,8,6,3,8,3,0,0
20121220,8,6,8,6,0,10,10
20121221,12,12,12,0,12,12,12
20121224,12,12,0,6,6,6,6
20121226,0,0,0,0,0,0,0
20121227,4,9,9,9,0,13,18
20121228,6,6,6,0,6,12,0
20121231,12,12,4,10,12,10,0
20130102,16,4,9,8,13,0,4
20130103,3,3,0,10,0,4,0
20130104,4,3,5,3,3,8,0
20130107,4,2,4,6,8,2,2
20130108,0,6,8,3,4,4,3
20130109,0,8,0,4,4,0,0
20130110,10,4,12,12,0,10,12
20130111,4,10,10,4,9,12,9
20130114,3,3,3,3,4,4,0
20130115,0,4,2,4,6,2,2
20130116,3,3,12,6,4,4,4
20130117,0,8,0,4,4,3,5
20130118,0,0,8,8,0,8,8
20130122,0,18,18,0,12,12,12
20130123,12,12,0,6,6,6,6
20130124,0,0,0,0,0,0,0
20130125,6,6,6,6,0,12,12
20130128,12,12,12,0,12,12,12
20130129,10,10,0,6,8,6,8
20130130,0,0,3,8,3,6,8
20130131,0,12,16,12,8,16,16
20130201,6,3,6,3,4,8,0
20130204,0,3,2,2,2,3,0
20130205,0,9,6,3,10,8,0
20130206,6,6,3,8,7,0,0
20130207,10,6,9,10,0,9,4
20130208,6,4,11,0,11,4,6
20130211,4,8,4,8,6,6,8
20130212,0,3,2,2,2,5,0
20130213,4,2,4,6,8,2,2
20130214,0,3,6,3,2,2,2
20130215,0,7,0,2,2,3,0
20130219,0,4,6,6,0,8,8
20130220,3,8,8,0,7,12,0
20130221,4,4,6,4,6,4,4
20130222,0,12,7,0,8,8,3
20130225,8,8,0,6,6,4,0
20130226,0,4,6,6,0,8,8
20130227,3,8,8,0,7,12,0
20130228,4,4,6,4,6,4,4
20130301,0,6,3,0,3,6,0
20130304,4,4,6,4,6,4,4
20130305,0,12,7,0,8,8,3
20130306,8,8,0,6,6,4,0
20130307,9,4,10,10,4,9,12
20130308,4,12,12,0,10,12,10
20130311,12,9,0,8,9,8,6
20130312,0,0,5,0,2,3,0
20130313,6,6,6,6,4,8,8
20130314,0,12,6,0,6,6,6
20130315,12,12,0,6,6,6,6
20130318,0,0,0,0,0,0,0
20130319,0,0,0,0,0,0,0
20130320,3,3,3,3,0,12,0
20130321,8,8,8,4,12,4,12
20130322,9,9,8,6,8,6,6
20130325,0,8,3,10,3,0,8
20130326,6,6,10,6,0,16,0
20130327,2,2,2,3,6,3,0
20130328,1,1,2,3,2,1,0
20130401,0,1,1,2,1,1,0
20130402,0,5,6,4,4,4,3
20130403,0,15,6,9,12,0,0
20130404,15,8,15,18,8,0,18
20130405,8,9,12,9,4,16,10
20130408,9,10,10,4,14,7,12
20130409,8,8,4,6,6,6,6
20130410,0,8,0,14,0,6,0
20130411,6,0,12,0,6,0,0
20130412,3,6,3,6,0,10,0
20130415,2,2,2,3,4,3,0
20130416,2,2,8,6,4,2,4
20130417,0,5,2,2,2,3,0
20130418,0,6,4,4,0,5,5
20130419,7,12,7,0,8,8,8
20130422,12,12,0,6,6,6,6
20130423,0,0,0,0,9,0,9
20130424,0,4,4,15,4,12,15
20130425,4,9,12,9,8,10,16
20130426,12,4,12,4,8,8,8
20130429,0,12,0,3,3,3,3
20130430,0,0,0,0,9,0,9
20130501,0,0,0,12,0,12,0
20130502,6,6,8,6,8,9,9
20130503,8,4,8,4,5,8,5
20130506,0,10,0,6,3,6,3
20130507,0,0,4,0,4,0,0
20130508,6,8,6,8,0,10,10
20130509,4,6,4,0,4,8,0
20130510,4,4,6,4,6,4,4
20130513,0,12,6,0,6,6,6
20130514,7,7,0,4,4,6,0
20130515,0,3,2,2,0,7,0
20130516,8,8,8,4,12,4,12
20130517,8,8,4,6,6,6,6
20130520,0,4,0,10,0,3,3
20130521,3,0,10,0,3,4,0
20130522,6,6,6,6,4,8,8
20130523,0,8,4,0,4,6,4
20130524,10,10,0,8,6,8,6
20130528,0,0,4,0,4,0,0
20130529,6,8,6,8,0,10,10
20130530,10,12,10,0,12,12,4
20130531,8,8,0,6,6,4,0
20130603,0,6,4,4,0,7,7
20130604,6,6,6,0,6,12,0
20130605,3,3,3,3,4,4,0
20130606,0,2,1,2,3,2,0
20130607,2,2,8,6,4,2,4
20130610,0,5,2,2,2,3,0
20130611,0,6,6,6,0,6,6
20130612,4,8,6,0,5,9,0
20130613,12,9,4,8,9,8,4
20130614,0,3,2,0,5,0,0
20130617,6,6,6,6,0,8,8
20130618,5,8,5,0,5,8,5
20130619,5,5,0,4,4,6,0
20130620,0,6,3,4,3,5,5
20130621,12,4,12,4,8,8,8
20130624,0,7,0,2,2,3,0
20130625,0,4,6,6,0,8,8
20130626,4,12,12,0,10,12,10
20130627,8,8,0,6,6,6,6
20130628,0,0,9,0,3,3,3
20130701,0,24,0,8,8,8,0
20130702,22,0,8,8,18,0,12
20130703,0,0,0,12,0,12,0
20130705,3,3,6,3,6,9,0
20130708,4,2,4,6,8,2,2
20130709,0,3,6,3,2,2,2
20130710,0,7,0,2,2,3,0
20130711,0,4,3,8,0,9,6
20130712,3,3,10,0,8,8,0
20130715,6,5,6,5,4,6,6
20130716,0,12,6,0,6,6,6
20130717,7,7,0,4,4,6,0
20130718,0,6,4,4,0,7,7
20130719,6,6,6,0,6,12,0
20130722,4,4,6,4,6,4,4
20130723,0,6,3,0,3,6,0
20130724,12,12,4,10,12,10,0
20130725,6,3,4,3,6,0,0
20130726,6,6,6,6,0,8,8
20130729,7,12,7,0,8,8,8
20130730,10,10,0,6,8,6,8
20130731,0,0,0,6,0,6,0
20130801,6,6,8,6,8,9,9
20130802,12,4,12,4,8,8,8
20130805,0,12,0,3,3,3,3
20130806,0,0,0,0,0,0,0
20130807,6,6,6,6,0,12,12
20130808,6,6,6,0,6,12,0
20130809,3,3,3,3,4,4,0
20130812,0,9,6,3,10,8,0
20130813,15,15,8,18,20,0,0
20130814,15,8,15,18,8,0,18
20130815,6,6,10,6,0,16,0
20130816,4,4,4,6,12,3,3
20130819,3,3,12,6,4,4,4
20130820,0,7,0,2,2,3,0
20130821,0,6,4,4,0,7,7
20130822,8,8,8,0,7,12,7
20130823,5,5,0,4,4,6,0
20130826,0,4,5,6,3,6,6
20130827,3,6,8,3,5,9,0
20130828,0,4,4,3,3,3,3
20130829,0,8,4,0,4,6,4
20130830,5,5,0,4,4,6,0
20130903,0,4,5,6,3,6,6
20130904,8,11,15,4,14,12,4
20130905,0,8,0,4,4,0,0
20130906,6,6,6,6,0,8,8
20130909,12,14,14,0,14,14,12
20130910,7,7,0,4,4,6,0
20130911,0,3,2,2,0,7,0
20130912,8,8,8,4,12,4,12
20130913,8,8,4,6,6,6,6
20130916,0,3,0,6,0,3,0
20130917,6,4,11,4,4,11,4
20130918,8,12,8,4,16,4,4
20130919,0,12,0,12,9,0,9
20130920,9,0,9,12,0,12,0
20130923,4,4,16,4,8,12,8
20130924,3,7,3,3,6,4,0
20130925,0,4,2,3,0,5,0
20130926,5,8,5,4,8,4,8
20130927,5,5,3,4,3,6,0
20130930,0,4,2,3,0,5,0
20131001,8,9,8,4,12,9,4
20131002,9,8,4,12,9,4,8
20131003,0,3,4,5,0,6,0
20131004,6,6,5,6,9,5,5
20131007,3,3,12,6,4,4,4
20131008,0,7,0,2,2,3,0
20131009,0,4,6,6,0,8,8
20131010,4,12,12,0,10,12,10
20131011,8,8,0,6,6,6,6
20131014,0,0,9,0,3,3,3
20131015,0,11,4,6,6,4,11
20131016,0,3,2,2,0,7,0
20131017,8,8,8,4,12,4,12
20131018,16,10,8,9,12,9,4
20131021,15,12,4,15,4,4,0
20131022,9,0,9,0,0,0,0
20131023,6,6,6,6,0,12,12
20131024,12,12,12,0,12,12,12
20131025,7,7,0,4,4,6,0
20131028,0,6,4,4,0,7,7
20131029,6,6,6,0,6,12,0
20131030,4,4,6,4,6,4,4
20131031,0,8,4,0,4,6,4
20131101,5,5,0,4,4,6,0
20131104,0,4,6,3,3,7,3
20131105,3,7,3,3,6,4,0
20131106,0,4,2,3,0,5,0
20131107,2,2,2,3,4,3,0
20131108,2,2,8,6,4,2,4
20131111,0,6,3,4,4,3,4
20131112,8,4,12,9,4,8,9
20131113,4,15,12,0,14,12,9
20131114,15,12,0,14,12,9,4
20131115,0,0,4,0,4,0,0
20131118,3,6,3,6,0,10,0
20131119,5,8,5,4,8,4,8
20131120,5,5,3,4,3,6,0
20131121,0,6,3,7,0,7,3
20131122,6,6,8,4,8,4,8
20131125,6,12,4,10,8,10,4
20131126,14,8,12,8,14,4,4
20131127,12,22,0,18,8,8,0
20131129,20,0,8,15,15,0,18
20131202,0,0,9,9,0,18,0
20131203,6,6,6,6,12,6,6
20131204,2,2,6,4,2,4,0
20131205,0,4,4,3,3,3,3
20131206,0,6,3,0,3,6,0
20131209,4,4,6,4,6,4,4
20131210,0,6,3,0,3,6,0
20131211,3,3,3,3,4,4,0
20131212,0,4,2,4,6,2,2
20131213,2,2,6,4,2,4,0
20131216,0,6,3,4,3,4,4
20131217,0,3,4,0,4,3,0
20131218,4,4,3,4,3,6,0
20131219,0,2,1,2,3,2,0
20131220,5,5,9,6,6,5,6
20131223,0,15,6,9,12,0,0
20131224,10,6,6,10,0,0,0
20131226,6,3,6,3,0,10,0
20131227,2,2,2,3,6,3,0
20131230,1,1,2,3,2,1,0
20131231,0,10,6,6,8,6,0
20140102,5,6,4,6,5,0,0
20140103,4,4,4,4,0,6,0
20140106,5,8,5,4,8,4,8
20140107,8,8,4,6,6,6,6
20140108,0,4,0,10,0,3,3
20140109,3,0,10,0,3,4,0
20140110,6,6,6,6,4,8,8
20140113,0,12,6,0,6,6,6
20140114,18,13,0,9,9,9,4
20140115,0,0,0,0,0,0,0
20140116,0,0,0,0,0,0,0
20140117,3,3,3,3,0,12,0
20140121,8,8,8,4,12,4,12
20140122,8,8,4,6,6,6,6
20140123,0,4,0,10,0,3,3
20140124,3,0,10,0,3,4,0
20140127,6,6,6,6,4,8,8
20140128,0,6,3,0,3,6,0
20140129,4,4,6,4,6,4,4
20140130,0,12,6,0,6,6,6
20140131,12,12,0,6,6,6,6
20140203,0,0,0,0,0,0,0
20140204,0,0,0,0,0,0,0
20140205,0,0,0,12,12,0,24
20140206,0,0,9,9,0,18,0
20140207,4,10,10,9,12,7,14
20140210,14,7,12,9,10,10,4
20140211,0,12,0,10,10,0,8
20140212,8,0,10,10,0,12,0
20140213,6,6,6,6,12,6,6
20140214,2,2,6,4,2,4,0
20140218,0,4,4,3,3,3,3
20140219,0,6,3,0,3,6,0
20140220,4,4,6,4,6,4,4
20140221,0,12,6,0,6,6,6
20140224,12,12,0,6,6,6,6
20140225,0,0,0,0,0,0,0
20140226,6,6,6,6,0,12,12
20140227,12,12,16,0,16,16,8
20140228,8,8,0,6,6,4,0
20140303,0,4,6,6,0,8,8
20140304,8,16,16,0,16,12,12
20140305,7,7,0,4,4,6,0
20140306,0,3,2,2,0,7,0
20140307,4,4,4,6,12,3,3
20140310,3,3,12,6,4,4,4
20140311,0,12,0,3,3,3,3
20140312,0,0,0,0,0,0,0
20140313,3,3,3,3,0,12,0
20140314,2,2,2,3,6,3,0
20140317,2,2,8,6,4,2,4
20140318,0,9,6,3,6,3,3
20140319,0,8,3,10,3,0,8
20140320,6,6,10,6,0,16,0
20140321,9,10,10,4,14,7,12
20140324,9,9,8,6,8,6,6
20140325,0,12,0,12,9,0,9
20140326,9,0,9,12,0,12,0
20140327,6,6,8,6,8,9,9
20140328,12,4,12,4,8,8,8
20140331,0,12,0,3,3,3,3
20140401,0,0,0,0,0,0,0
20140402,0,0,8,8,8,0,24
20140403,0,6,6,6,0,18,0
20140404,2,2,2,3,6,3,0
20140407,1,1,2,3,2,1,0
20140408,0,2,4,4,2,2,2
20140409,0,16,6,6,10,6,0
20140410,8,6,3,8,3,0,0
20140411,8,6,8,6,0,10,10
20140414,12,12,12,0,12,12,12
20140415,7,7,0,4,4,6,0
20140416,0,4,6,6,0,8,8
20140417,8,15,18,0,18,15,8
20140421,18,20,0,15,15,8,0
20140422,9,0,3,3,3,0,0
20140423,3,3,3,3,0,12,0
20140424,9,9,9,4,18,13,0
20140425,6,6,3,8,7,0,0
20140428,8,6,12,9,0,8,9
20140429,4,8,6,0,5,9,0
20140430,3,3,3,3,4,4,0
20140501,0,8,4,3,6,3,6
20140502,8,8,4,6,6,6,6
20140505,0,8,0,14,0,6,0
20140506,6,0,12,0,6,0,0
20140507,6,8,6,8,0,10,10
20140508,4,6,4,0,4,8,0
20140509,6,6,4,5,6,5,6
20140512,0,8,10,0,12,6,0
20140513,8,15,0,20,18,0,15
20140514,12,4,12,12,4,12,8
20140515,3,4,4,3,8,6,0
20140516,5,5,9,6,6,5,6
20140519,0,12,3,9,9,0,3
20140520,8,3,6,9,0,4,0
20140521,6,6,6,6,4,8,8
20140522,8,4,8,4,5,8,5
20140523,0,10,0,6,3,6,3
20140527,0,0,9,0,9,0,0
20140528,0,9,0,9,0,0,0
20140529,8,6,8,6,0,10,10
20140530,6,6,6,0,6,12,0
20140602,3,3,3,3,4,4,0
20140603,0,8,4,3,6,3,6
20140604,8,8,4,6,6,6,6
20140605,0,4,3,7,3,3,6
20140606,3,6,6,6,3,12,0
20140609,8,3,8,6,8,3,8
20140610,0,6,3,4,4,3,4
20140611,0,3,4,5,0,6,0
20140612,4,4,4,3,6,5,0
20140613,1,1,4,4,4,1,1
20140616,0,3,6,3,2,2,2
20140617,0,8,0,4,4,3,5
20140618,11,0,9,14,4,12,8
20140619,0,9,14,4,12,8,11
20140620,4,4,3,4,3,6,0
20140623,0,4,2,4,6,2,2
20140624,2,2,6,4,2,4,0
20140625,0,6,3,4,3,4,4
20140626,11,8,12,4,14,9,0
20140627,12,21,0,21,12,0,0
20140630,24,0,12,12,16,0,16
20140701,0,4,4,15,4,12,15
20140702,3,3,6,3,6,9,0
20140703,4,2,4,6,8,2,2
20140707,0,6,8,3,4,4,3
20140708,0,8,0,4,4,0,0
20140709,6,6,6,6,0,8,8
20140710,6,6,6,0,6,12,0
20140711,6,6,4,5,6,5,6
20140714,0,8,10,0,12,6,0
20140715,6,10,0,10,6,0,0
20140716,6,6,6,6,0,8,8
20140717,6,6,6,0,6,12,0
20140718,8,8,4,6,6,6,6
20140721,0,4,4,3,7,0,6
20140722,4,9,8,13,0,16,4
20140723,9,8,13,0,16,4,4
20140724,6,9,0,8,3,4,0
20140725,0,6,4,4,0,7,7
20140728,12,12,12,0,12,12,12
20140729,7,7,0,4,4,6,0
20140730,0,6,4,4,0,7,7
20140731,6,6,6,0,6,12,0
20140801,4,4,6,4,6,4,4
20140804,0,8,4,0,4,6,4
20140805,8,8,0,6,6,6,6
20140806,0,0,9,0,3,3,3
20140807,0,11,4,6,6,4,11
20140808,0,4,3,3,0,10,0
20140811,8,8,8,0,24,0,0
20140812,6,6,0,12,0,0,0
20140813,9,4,14,12,0,12,15
20140814,3,8,8,0,7,12,0
20140815,4,4,6,4,6,4,4
20140818,0,12,7,0,8,8,3
20140819,18,14,0,12,12,4,4
20140820,0,0,0,0,0,0,0
20140821,3,3,3,3,0,12,0
20140822,8,8,8,4,12,4,12
20140825,5,5,3,4,3,6,0
20140826,0,4,2,3,0,5,0
20140827,8,10,7,4,10,6,9
20140828,5,5,3,4,3,6,0
20140829,0,6,4,4,0,5,5
20140902,10,12,10,0,12,12,4
20140903,8,8,0,6,6,4,0
20140904,0,6,4,4,0,7,7
20140905,12,12,12,0,12,12,12
20140908,8,8,0,6,6,6,6
20140909,0,0,8,8,0,8,8
20140910,0,18,20,0,15,15,8
20140911,12,9,4,10,10,4,9
20140912,0,3,2,2,0,7,0
20140915,2,2,2,3,6,3,0
20140916,1,1,2,3,2,1,0
20140917,0,2,4,4,2,2,2
20140918,0,8,3,3,5,3,4
20140919,0,3,0,6,0,3,0
20140922,6,6,6,6,4,8,8
20140923,12,8,12,4,12,12,4
20140924,0,8,0,4,4,0,0
20140925,5,3,4,4,0,8,0
20140926,8,8,8,4,12,4,12
20140929,5,5,3,4,3,6,0
20140930,0,6,3,7,0,7,3
20141001,4,3,7,0,6,4,0
20141002,6,5,6,5,4,6,6
20141003,0,8,4,0,4,6,4
20141006,8,8,0,6,6,6,6
20141007,0,0,5,0,2,3,0
20141008,4,11,4,6,4,11,4
20141009,0,3,2,0,5,0,0
20141010,4,4,3,5,0,8,0
20141013,2,2,2,3,4,3,0
20141014,1,1,2,3,2,1,0
20141015,0,1,1,2,1,1,0
20141016,0,1,1,2,1,1,0
20141017,0,10,6,6,8,6,0
20141020,16,15,12,15,16,0,0
20141021,21,12,12,21,0,0,0
20141022,9,0,9,0,0,0,0
20141023,6,6,6,6,0,12,12
20141024,6,6,6,0,6,12,0
20141027,3,3,3,3,4,4,0
20141028,0,8,4,3,6,3,6
20141029,5,5,3,4,3,6,0
20141030,0,4,2,3,0,5,0
20141031,3,4,3,6,8,3,3
20141103,6,6,12,6,6,6,6
20141104,0,8,0,4,4,0,0
20141105,6,6,6,6,0,8,8
20141106,8,8,8,0,7,12,7
20141107,8,8,0,6,6,6,6
20141110,0,0,5,0,2,3,0
20141111,4,11,4,6,4,11,4
20141112,13,8,9,4,16,4,0
20141113,12,12,0,24,0,0,0
20141114,16,0,16,12,12,0,24
20141117,0,0,9,9,0,18,0
20141118,6,6,6,6,12,6,6
20141119,2,2,6,4,2,4,0
20141120,0,4,4,3,3,3,3
20141121,0,6,3,0,3,6,0
20141124,10,7,4,7,9,7,6
20141125,0,3,4,0,4,3,0
20141126,6,5,6,5,4,6,6
20141128,0,6,3,0,3,6,0
20141201,3,3,3,3,4,4,0
20141202,0,4,2,4,6,2,2
20141203,3,3,12,6,4,4,4
20141204,0,8,0,4,4,3,5
20141205,0,0,6,6,3,8,7
20141208,0,8,8,6,8,14,0
20141209,2,2,8,6,4,2,4
20141210,0,5,2,2,2,3,0
20141211,0,6,4,4,0,5,5
20141212,4,6,4,0,4,8,0
20141215,4,4,6,4,6,4,4
20141216,0,12,6,0,6,6,6
20141217,18,13,0,9,9,9,4
20141218,16,0,4,4,4,4,0
20141219,0,0,0,0,0,0,0
20141222,6,6,6,6,0,12,12
20141223,6,6,6,0,6,12,0
20141224,3,3,3,3,4,4,0
20141226,0,9,5,3,8,6,3
20141229,6,6,3,6,5,4,0
20141230,0,4,2,3,0,5,0
20141231,2,2,2,3,4,3,0
20150102,1,1,4,4,4,1,1
20150105,0,2,3,2,1,2,0
20150106,0,6,3,4,3,4,4
20150107,11,8,12,4,14,9,0
20150108,12,21,0,21,12,0,0
20150109,12,0,6,6,0,0,0
20150112,3,3,3,3,0,12,0
20150113,4,4,4,6,12,3,3
20150114,3,3,8,6,3,4,3
20150115,0,5,0,3,2,4,0
20150116,0,6,3,4,3,5,5
20150120,12,8,12,4,12,12,4
20150121,0,12,0,10,10,0,8
20150122,15,0,18,20,0,15,8
20150123,0,9,14,4,12,8,11
20150126,4,4,3,4,3,6,0
20150127,0,2,1,2,3,2,0
20150128,5,5,9,6,6,5,6
20150129,0,12,3,9,9,0,3
20150130,8,3,6,9,0,4,0
20150202,6,6,6,6,4,8,8
20150203,8,4,8,4,5,8,5
20150204,0,8,0,5,3,4,4
20150205,0,0,6,3,4,3,6
20150206,0,7,6,6,3,12,0
20150209,0,4,2,4,6,2,2
20150210,14,7,12,9,10,10,4
20150211,14,18,4,12,12,4,0
20150212,18,0,15,15,8,0,20
20150213,0,6,6,6,0,18,0
20150217,4,4,4,6,12,3,3
20150218,3,3,12,6,4,4,4
20150219,0,7,0,2,2,3,0
20150220,0,6,4,4,0,7,7
20150223,12,12,12,0,18,18,0
20150224,8,8,0,8,8,0,0
20150225,5,3,4,4,0,8,0
20150226,4,4,4,6,12,3,3
20150227,2,2,6,4,2,4,0
20150302,0,10,3,6,6,6,3
20150303,12,4,10,8,10,4,6
20150304,3,7,0,7,3,6,0
20150305,0,3,2,2,2,5,0
20150306,4,2,4,6,8,2,2
20150309,0,6,8,3,4,4,3
20150310,0,8,0,4,4,0,0
20150311,6,6,6,6,0,8,8
20150312,12,12,12,0,12,12,12
20150313,8,8,0,6,6,6,6
20150316,0,0,6,10,0,10,6
20150317,0,12,22,0,18,8,8
20150318,8,11,0,14,9,4,12
20150319,0,0,4,4,0,8,0
20150320,3,4,4,3,8,6,0
20150323,2,2,8,6,4,2,4
20150324,0,5,2,2,2,3,0
20150325,0,4,2,3,0,5,0
20150326,3,4,3,6,8,3,3
20150327,3,3,8,6,3,4,3
20150330,0,14,0,8,6,8,0
20150331,7,0,6,3,6,0,0
20150401,6,8,6,8,0,10,10
20150402,7,12,7,0,8,8,8
20150406,12,12,0,6,6,6,6
20150407,0,0,0,0,0,0,0
20150408,6,6,6,6,0,12,12
20150409,12,12,12,0,12,12,12
20150410,10,10,0,6,8,6,8
20150413,0,0,0,6,0,6,0
20150414,3,3,6,3,6,9,0
20150415,8,3,8,6,8,3,8
20150416,0,5,2,2,2,3,0
20150417,0,4,2,3,0,5,0
20150420,8,9,8,4,12,9,4
20150421,6,6,3,6,5,4,0
20150422,0,6,6,6,0,6,6
20150423,6,12,9,0,8,9,8
20150424,5,5,0,4,4,6,0
20150427,0,4,6,3,3,7,3
20150428,3,7,3,3,6,4,0
20150429,0,6,4,4,0,5,5
20150430,4,6,4,0,4,8,0
20150501,8,8,4,6,6,6,6
20150504,0,4,3,6,9,0,8
20150505,3,3,9,9,0,12,0
20150506,6,6,5,6,9,5,5
20150507,3,3,12,6,4,4,4
20150508,0,12,0,3,3,3,3
20150511,0,0,0,0,0,0,0
20150512,6,6,6,6,0,12,12
20150513,12,12,12,0,12,12,12
20150514,12,12,0,6,6,6,6
20150515,0,0,0,0,0,0,0
20150518,4,9,9,9,0,13,18
20150519,6,6,6,0,6,12,0
20150520,4,4,6,4,6,4,4
20150521,0,12,6,0,6,6,6
20150522,10,10,0,6,8,6,8
20150526,0,0,0,6,0,6,0
20150527,6,6,8,6,8,9,9
20150528,6,3,6,3,4,8,0
20150529,0,3,2,2,2,3,0
20150601,0,4,2,4,6,2,2
20150602,3,3,8,6,3,4,3
20150603,0,8,0,5,3,4,4
20150604,0,0,5,0,2,3,0
20150605,6,6,6,6,4,8,8
20150608,0,6,3,0,3,6,0
20150609,8,8,4,6,6,6,6
20150610,0,8,6,0,14,0,0
20150611,6,6,0,12,0,0,0
20150612,6,3,6,3,0,10,0
20150615,4,4,4,6,12,3,3
20150616,3,3,12,6,4,4,4
20150617,0,8,0,4,4,3,5
20150618,10,0,12,12,4,10,12
20150619,0,10,10,0,8,12,0
20150622,4,4,6,4,6,4,4
20150623,0,6,3,0,3,6,0
20150624,6,6,4,5,6,5,6
20150625,0,3,4,0,4,3,0
20150626,4,4,3,4,3,6,0
20150629,0,2,1,2,3,2,0
20150630,2,2,8,6,4,2,4
20150701,0,16,6,6,10,6,0
20150702,16,8,12,16,12,0,16
20150706,6,6,10,6,0,16,0
20150707,4,4,4,6,12,3,3
20150708,2,2,6,4,2,4,0
20150709,0,4,4,3,3,3,3
20150710,0,12,6,0,6,6,6
20150713,16,16,0,12,16,12,8
20150714,16,4,9,12,9,8,10
20150715,4,9,12,9,8,10,16
20150716,12,4,12,4,8,8,8
20150717,0,8,0,4,4,3,5
20150720,0,0,6,6,0,12,0
20150721,0,6,6,0,12,0,0
20150722,4,4,3,5,0,8,0
20150723,3,4,3,6,8,3,3
20150724,3,3,8,6,3,4,3
20150727,0,6,0,4,4,4,4
20150728,0,0,8,6,3,8,3
20150729,0,13,8,4,16,4,9
20150730,0,3,0,6,0,3,0
20150731,4,3,5,3,3,8,0
20150803,2,2,2,4,4,2,0
20150804,0,1,1,2,1,1,0
20150805,0,2,4,4,2,2,2
20150806,0,8,3,3,5,3,4
20150807,0,4,0,10,0,3,3
20150810,8,0,24,0,8,8,0
20150811,0,12,0,6,6,0,0
20150812,6,6,6,6,0,8,8
20150813,8,8,8,0,7,12,7
20150814,8,8,0,6,6,6,6
20150817,0,0,9,0,3,3,3
20150818,0,10,0,3,3,4,0
20150819,0,3,2,2,0,7,0
20150820,2,2,2,3,6,3,0
20150821,1,1,2,3,2,1,0
20150824,0,1,2,3,2,1,1
20150825,0,3,6,3,2,2,2
20150826,13,18,4,9,9,9,0
20150827,20,0,8,15,15,0,18
20150828,0,4,12,12,4,18,14
20150831,3,4,4,3,8,6,0
20150901,1,1,2,3,2,1,0
20150902,0,2,4,4,2,2,2
20150903,0,5,2,2,2,3,0
20150904,0,6,4,4,0,5,5
20150908,10,12,10,0,12,12,4
20150909,8,8,0,6,6,4,0
20150910,0,4,6,6,0,8,8
20150911,4,12,12,0,10,12,10
20150914,6,6,0,5,6,6,5
20150915,0,0,5,6,4,6,5
20150916,0,6,8,6,6,10,0
20150917,0,1,1,2,1,1,0
20150918,0,1,2,3,2,1,1
20150921,0,3,6,3,2,2,2
20150922,0,7,0,2,2,3,0
20150923,0,6,4,4,0,7,7
20150924,9,10,10,0,9,14,10
20150925,5,5,0,4,4,6,0
20150928,0,3,2,2,2,5,0
20150929,2,2,2,4,4,2,0
20150930,0,2,4,4,2,2,2
20151001,0,8,3,3,5,3,4
20151002,0,4,0,10,0,3,3
20151005,4,0,14,0,12,4,12
20151006,0,12,0,14,4,9,9
20151007,0,0,5,0,2,3,0
20151008,3,5,3,4,3,8,0
20151009,0,8,4,3,6,3,6
20151012,5,5,3,4,3,6,0
20151013,0,6,4,4,0,5,5
20151014,4,6,4,0,4,8,0
20151015,6,6,4,5,6,5,6
20151016,0,3,4,0,4,3,0
20151019,6,7,9,7,4,7,10
20151020,9,12,9,4,10,10,4
20151021,8,8,0,6,6,4,0
20151022,0,4,6,6,0,8,8
20151023,8,15,18,0,18,15,8
20151026,8,8,0,6,6,4,0
20151027,0,6,4,4,0,7,7
20151028,12,12,12,0,12,12,12
20151029,8,8,0,6,6,6,6
20151030,0,0,4,4,0,8,0
20151102,6,6,6,6,12,6,6
20151103,3,3,8,6,3,4,3
20151104,0,5,0,3,2,4,0
20151105,0,3,2,2,2,5,0
20151106,8,3,8,6,8,3,8
20151109,0,6,3,4,4,3,4
20151110,0,3,4,5,0,6,0
20151111,6,6,5,6,9,5,5
20151112,3,3,12,6,4,4,4
20151113,0,7,0,2,2,3,0
20151116,0,4,6,6,0,8,8
20151117,4,12,12,0,10,12,10
20151118,12,12,0,10,12,10,4
20151119,12,0,10,12,10,4,12
20151120,0,7,6,6,3,12,0
20151123,0,2,1,2,3,2,0
20151124,1,1,4,4,4,1,1
20151125,0,2,3,2,1,2,0
20151127,0,4,4,3,3,3,3
20151130,0,12,7,0,8,8,3
20151201,8,8,0,6,6,4,0
20151202,0,3,2,2,0,7,0
20151203,2,2,2,3,6,3,0
20151204,10,6,9,8,10,7,4
20151207,0,6,2,4,4,0,0
20151208,5,6,6,5,0,6,6
20151209,4,6,4,0,4,8,0
20151210,4,4,6,4,6,4,4
20151211,0,6,3,0,3,6,0
20151214,4,4,6,4,6,4,4
20151215,0,6,3,0,3,6,0
20151216,8,8,4,6,6,6,6
20151217,0,3,2,0,5,0,0
20151218,4,4,3,5,0,8,0
20151221,5,8,5,4,8,4,8
20151222,8,8,4,6,6,6,6
20151223,0,4,0,10,0,3,3
20151224,3,0,10,0,3,4,0
20151228,3,5,3,4,3,8,0
20151229,0,8,4,3,6,3,6
20151230,5,5,3,4,3,6,0
20151231,0,4,2,3,0,5,0
20160104,5,8,5,4,8,4,8
20160105,5,5,3,4,3,6,0
20160106,0,6,4,4,0,5,5
20160107,4,6,4,0,4,8,0
20160108,8,8,4,6,6,6,6
20160111,0,8,6,0,14,0,0
20160112,12,12,0,24,16,0,16
20160113,9,0,9,12,0,12,0
20160114,6,6,8,6,8,9,9
20160115,6,3,6,3,4,8,0
20160119,0,4,4,3,3,3,3
20160120,0,12,6,0,6,6,6
20160121,8,8,0,6,6,6,6
20160122,0,0,6,6,0,12,0
20160125,0,6,6,0,12,0,0
20160126,6,6,6,6,0,8,8
20160127,4,6,4,0,4,8,0
20160128,4,4,6,4,6,4,4
20160129,0,12,6,0,6,6,6
20160201,7,7,0,4,4,6,0
20160202,0,3,2,2,0,7,0
20160203,9,10,10,4,14,7,12
20160204,8,8,4,6,6,6,6
20160205,0,3,0,6,0,3,0
20160208,6,6,6,6,4,8,8
20160209,8,4,8,4,5,8,5
20160210,0,5,0,3,2,4,0
20160211,0,6,3,4,3,5,5
20160212,12,7,14,4,10,10,9
20160216,0,18,0,6,6,6,0
20160217,22,0,8,8,18,0,12
20160218,0,0,0,12,0,12,0
20160219,6,6,8,6,8,9,9
20160222,12,4,12,4,8,8,8
20160223,0,7,0,2,2,3,0
20160224,0,4,6,6,0,8,8
20160225,4,12,12,0,10,12,10
20160226,6,6,0,5,6,6,5
20160229,0,0,4,4,2,6,0
20160301,4,10,12,6,12,10,4
20160302,0,6,2,4,4,0,0
20160303,5,6,6,5,0,6,6
20160304,7,12,7,0,8,8,8
20160307,7,7,0,4,4,6,0
20160308,0,6,4,4,0,7,7
20160309,12,12,12,0,12,12,12
20160310,10,10,0,6,8,6,8
20160311,0,0,0,9,0,9,0
20160314,0,0,15,8,15,0,20
20160315,0,15,8,15,0,20,0
20160316,12,4,12,0,14,0,4
20160317,3,3,0,10,0,4,0
20160318,6,6,6,6,4,8,8
20160321,8,4,8,4,5,8,5
20160322,0,10,0,6,3,6,3
20160323,0,0,4,0,4,0,0
20160324,6,8,6,8,0,10,10
20160328,5,8,5,0,5,8,5
20160329,10,10,0,8,6,8,6
20160330,0,0,6,0,12,0,6
20160331,0,6,0,14,0,8,0
20160401,6,6,6,6,4,8,8
20160404,12,4,12,4,8,8,8
20160405,0,7,0,2,2,3,0
20160406,0,6,4,4,0,7,7
20160407,6,6,6,0,6,12,0
20160408,4,4,6,4,6,4,4
20160411,0,12,6,0,6,6,6
20160412,12,12,0,6,6,6,6
20160413,0,0,0,0,0,0,0
20160414,0,0,0,0,0,0,0
20160415,3,3,3,3,0,12,0
20160418,2,2,2,3,6,3,0
20160419,2,2,8,6,4,2,4
20160420,0,9,6,3,6,3,3
20160421,0,8,3,10,3,0,8
20160422,8,8,18,15,0,18,15
20160425,4,12,12,0,10,12,10
20160426,5,5,0,4,4,6,0
20160427,0,3,2,2,2,5,0
20160428,4,2,4,6,8,2,2
20160429,0,3,6,3,2,2,2
20160502,0,12,0,3,3,3,3
20160503,0,0,0,0,0,0,0
20160504,0,4,4,4,4,0,16
20160505,6,6,6,6,0,12,12
20160506,12,12,12,0,12,12,12
20160509,12,12,0,6,6,6,6
20160510,0,0,0,0,0,0,0
20160511,0,0,0,0,0,0,0
20160512,3,3,3,3,0,12,0
20160513,4,4,4,6,12,3,3
20160516,6,6,12,6,6,6,6
20160517,0,8,0,4,4,0,0
20160518,10,9,10,10,0,9,14
20160519,6,6,6,0,6,12,0
20160520,4,4,6,4,6,4,4
20160523,0,12,7,0,8,8,3
20160524,18,14,0,12,12,4,4
20160525,0,0,0,0,0,0,0
20160526,0,0,0,0,0,0,0
20160527,3,3,3,3,0,12,0
20160531,2,2,2,3,6,3,0
20160601,1,1,2,3,2,1,0
20160602,0,1,2,3,2,1,1
20160603,0,3,6,3,2,2,2
20160606,0,18,0,6,6,6,0
20160607,20,0,8,15,15,0,18
20160608,0,4,12,12,4,18,14
20160609,4,10,10,9,12,7,14
20160610,2,2,6,4,2,4,0
20160613,0,3,2,2,2,3,0
20160614,0,8,4,3,6,3,6
20160615,8,8,4,6,6,6,6
20160616,0,4,0,10,0,3,3
20160617,3,0,10,0,3,4,0
20160620,6,6,6,6,4,8,8
20160621,0,12,6,0,6,6,6
20160622,8,8,0,6,6,6,6
20160623,0,0,8,8,0,8,8
20160624,0,10,10,0,8,12,0
20160627,4,4,6,4,6,4,4
20160628,0,12,6,0,6,6,6
20160629,10,10,0,6,8,6,8
20160630,0,0,0,12,0,6,6
20160701,0,4,16,4,9,8,13
20160705,3,5,3,4,3,8,0
20160706,0,4,2,4,6,2,2
20160707,3,3,8,6,3,4,3
20160708,0,10,0,6,3,6,3
20160711,0,0,6,3,6,0,7
20160712,0,12,12,12,0,14,14
20160713,4,6,4,0,4,8,0
20160714,8,8,4,6,6,6,6
20160715,0,3,2,0,5,0,0
20160718,6,6,6,6,0,8,8
20160719,4,6,4,0,4,8,0
20160720,4,4,6,4,6,4,4
20160721,0,6,3,0,3,6,0
20160722,3,3,3,3,4,4,0
20160725,0,2,1,2,3,2,0
20160726,1,1,4,4,4,1,1
20160727,9,14,10,9,10,10,0
20160728,14,12,12,14,14,0,14
20160729,8,6,8,8,0,14,0
20160801,4,4,4,6,12,3,3
20160802,2,2,6,4,2,4,0
20160803,0,4,4,3,3,3,3
20160804,0,8,4,0,4,6,4
20160805,8,8,0,6,6,6,6
20160808,0,0,7,0,6,3,6
20160809,0,8,0,8,3,9,0
20160810,0,3,2,2,2,5,0
20160811,4,2,4,6,8,2,2
20160812,0,3,6,3,2,2,2
20160815,0,12,0,3,3,3,3
20160816,0,0,0,0,0,0,0
20160817,3,3,3,3,0,12,0
20160818,4,4,4,6,12,3,3
20160819,6,6,12,6,6,6,6
20160822,0,8,0,4,4,0,0
20160823,6,6,6,6,0,8,8
20160824,6,6,6,0,6,12,0
20160825,4,4,6,4,6,4,4
20160826,0,8,4,0,4,6,4
20160829,10,10,0,8,6,8,6
20160830,0,0,4,0,4,0,0
20160831,4,9,4,16,0,13,8
20160901,12,8,18,0,18,8,0
20160902,12,21,0,21,12,0,0
20160906,12,0,6,6,0,0,0
20160907,4,9,9,9,0,13,18
20160908,6,6,6,0,6,12,0
20160909,4,4,6,4,6,4,4
20160912,0,12,6,0,6,6,6
20160913,12,12,0,6,6,6,6
20160914,16,0,4,4,4,4,0
20160915,0,0,0,0,16,0,16
20160916,0,0,0,12,0,12,0
20160919,3,3,6,3,6,9,0
20160920,4,2,4,6,8,2,2
20160921,0,5,6,3,4,4,4
20160922,0,15,0,12,9,6,0
20160923,10,0,10,6,6,0,0
20160926,6,8,6,8,0,10,10
20160927,7,12,7,0,8,8,8
20160928,12,12,0,6,6,6,6
20160929,0,0,0,0,0,0,0
20160930,6,6,6,6,0,12,12
20161003,6,6,6,0,6,12,0
20161004,6,6,4,5,6,5,6
20161005,0,4,6,0,7,3,4
20161006,4,11,0,11,4,6,6
20161007,0,0,5,0,2,3,0
20161010,4,16,4,9,8,13,0
20161011,6,3,4,3,6,0,0
20161012,6,6,6,6,0,8,8
20161013,4,6,4,0,4,8,0
20161014,4,4,6,4,6,4,4
20161017,0,6,3,0,3,6,0
20161018,3,3,3,3,4,4,0
20161019,0,2,1,2,3,2,0
20161020,1,1,4,4,4,1,1
20161021,0,2,3,2,1,2,0
20161024,9,12,6,8,9,8,0
20161025,16,4,9,8,13,0,4
20161026,3,3,0,10,0,4,0
20161027,6,6,6,6,4,8,8
20161028,12,4,12,4,8,8,8
20161031,0,12,0,3,3,3,3
20161101,0,0,0,0,0,0,0
20161102,4,9,9,9,0,13,18
20161103,6,6,6,0,6,12,0
20161104,4,4,6,4,6,4,4
20161107,0,12,7,0,8,8,3
20161108,15,12,0,12,14,4,9
20161109,0,0,0,6,0,6,0
20161110,3,3,6,3,6,9,0
20161111,4,2,4,6,8,2,2
20161114,0,2,3,2,1,2,0
20161115,0,6,3,4,3,4,4
20161116,10,8,10,4,12,6,4
20161117,8,10,4,12,6,4,10
20161118,0,6,4,4,0,7,7
20161121,12,14,14,0,14,14,12
20161122,7,7,0,4,4,6,0
20161123,0,3,2,2,0,7,0
20161125,4,4,4,6,12,3,3
20161128,2,2,6,4,2,4,0
20161129,0,4,4,3,3,3,3
20161130,0,6,3,0,3,6,0
20161201,3,3,3,3,4,4,0
20161202,0,8,4,3,6,3,6
20161205,5,5,3,4,3,6,0
20161206,0,6,3,7,0,7,3
20161207,9,8,13,0,16,4,4
20161208,12,22,0,18,8,8,0
20161209,24,0,8,8,8,0,0
20161212,0,0,0,0,0,0,0
20161213,6,6,6,6,0,12,12
20161214,6,6,6,0,6,12,0
20161215,4,4,6,4,6,4,4
20161216,0,6,3,0,3,6,0
20161219,6,6,4,5,6,5,6
20161220,0,3,4,0,4,3,0
20161221,4,4,3,4,3,6,0
20161222,0,2,1,2,3,2,0
20161223,1,1,4,4,4,1,1
20161227,0,3,6,3,2,2,2
20161228,0,7,0,2,2,3,0
20161229,0,6,4,4,0,7,7
20161230,6,6,6,0,6,12,0
20170103,4,4,6,4,6,4,4
20170104,0,9,5,0,6,8,4
20170105,12,10,0,10,12,6,6
20170106,12,0,14,4,9,9,0
20170109,0,21,0,12,21,0,12
20170110,10,0,6,12,0,8,0
20170111,6,6,8,6,8,9,9
20170112,6,3,6,3,4,8,0
20170113,0,4,4,3,3,3,3
20170117,0,12,6,0,6,6,6
20170118,7,7,0,4,4,6,0
20170119,0,3,2,2,0,7,0
20170120,8,8,8,4,12,4,12
20170123,8,8,4,6,6,6,6
20170124,0,3,0,6,0,3,0
20170125,9,4,16,4,8,13,0
20170126,3,8,3,6,8,0,0
20170127,4,4,4,4,0,6,0
20170130,2,2,2,3,4,3,0
20170131,1,1,4,4,4,1,1
20170201,0,14,8,6,8,8,0
20170202,7,8,3,6,6,0,0
20170203,6,6,6,6,0,8,8
20170206,12,12,12,0,12,12,12
20170207,12,12,0,6,6,6,6
20170208,0,0,0,0,0,0,0
20170209,3,3,3,3,0,12,0
20170210,2,2,2,3,6,3,0
20170213,2,2,8,6,4,2,4
20170214,0,16,6,6,10,6,0
20170215,8,6,3,8,3,0,0
20170216,6,3,6,3,0,10,0
20170217,4,4,4,6,12,3,3
20170221,3,3,12,6,4,4,4
20170222,0,8,0,4,4,3,5
20170223,0,0,4,4,0,8,0
20170224,6,6,6,6,12,6,6
20170227,3,3,12,6,4,4,4
20170228,0,8,0,4,4,3,5
20170301,12,0,9,9,4,14,0
20170302,0,6,6,0,12,0,0
20170303,6,6,6,6,0,8,8
20170306,4,6,4,0,4,8,0
20170307,4,4,6,4,6,4,4
20170308,0,6,3,0,3,6,0
20170309,4,4,6,4,6,4,4
20170310,0,12,7,0,8,8,3
20170313,12,10,0,12,12,4,10
20170314,0,0,4,4,0,8,0
20170315,4,12,14,4,15,11,8
20170316,6,6,3,6,5,4,0
20170317,0,4,2,3,0,5,0
20170320,5,8,5,4,8,4,8
20170321,5,5,3,4,3,6,0
20170322,0,6,4,4,0,5,5
20170323,4,6,4,0,4,8,0
20170324,4,4,6,4,6,4,4
20170327,0,12,6,0,6,6,6
20170328,18,13,0,9,9,9,4
20170329,0,0,0,0,0,0,0
20170330,3,3,3,3,0,12,0
20170331,2,2,2,3,6,3,0
20170403,2,2,8,6,4,2,4
20170404,0,9,6,3,6,3,3
20170405,0,6,0,6,0,0,0
20170406,8,6,8,6,0,10,10
20170407,12,12,12,0,12,12,12
20170410,12,12,0,6,6,6,6
20170411,0,0,0,0,0,0,0
20170412,6,6,6,6,0,12,12
20170413,6,6,6,0,6,12,0
20170417,6,6,4,5,6,5,6
20170418,0,3,4,0,4,3,0
20170419,6,5,6,5,4,6,6
20170420,0,12,7,0,8,8,3
20170421,8,8,0,6,6,4,0
20170424,0,4,6,6,0,8,8
20170425,4,12,14,0,12,15,9
20170426,6,6,0,6,6,6,0
20170427,0,6,3,4,3,5,5
20170428,8,4,8,4,5,8,5
20170501,0,10,0,6,3,6,3
20170502,0,0,6,3,6,0,7
20170503,0,8,6,8,0,14,0
20170504,2,2,2,3,4,3,0
20170505,2,2,8,6,4,2,4
20170508,0,16,6,6,10,6,0
20170509,8,6,3,8,3,0,0
20170510,6,3,6,3,0,10,0
20170511,4,4,4,6,12,3,3
20170512,3,3,12,6,4,4,4
20170515,0,7,0,2,2,3,0
20170516,0,6,4,4,0,7,7
20170517,6,6,6,0,6,12,0
20170518,4,4,6,4,6,4,4
20170519,0,8,4,0,4,6,4
20170522,8,8,0,6,6,6,6
20170523,0,0,6,3,4,3,6
20170524,0,7,6,6,3,12,0
20170525,0,8,4,3,6,3,6
20170526,5,5,3,4,3,6,0
20170530,0,6,4,4,0,5,5
20170531,4,6,4,0,4,8,0
20170601,4,4,6,4,6,4,4
20170602,0,12,8,0,10,10,0
20170605,8,8,0,8,8,0,0
20170606,6,6,6,6,0,8,8
20170607,12,12,12,0,12,12,12
20170608,7,7,0,4,4,6,0
20170609,0,3,2,2,0,7,0
20170612,4,4,4,6,12,3,3
20170613,3,3,12,6,4,4,4
20170614,0,8,0,4,4,3,5
20170615,0,0,6,10,0,10,6
20170616,0,9,14,4,12,8,11
20170619,9,10,4,10,4,9,4
20170620,0,3,2,0,5,0,0
20170621,6,6,6,6,0,8,8
20170622,4,6,4,0,4,8,0
20170623,6,6,4,5,6,5,6
20170626,0,3,4,0,4,3,0
20170627,4,4,3,4,3,6,0
20170628,0,8,4,3,6,3,6
20170629,5,5,3,4,3,6,0
20170630,0,6,4,4,0,5,5
20170703,5,8,5,0,5,8,5
20170705,8,8,0,6,6,6,6
20170706,0,0,5,0,2,3,0
20170707,4,9,4,10,4,10,9
20170710,0,4,6,0,7,3,4
20170711,4,9,0,10,9,6,10
20170712,0,0,4,4,2,6,0
20170713,4,10,12,6,12,10,4
20170714,0,12,3,9,9,0,3
20170717,8,3,6,9,0,4,0
20170718,4,3,5,3,3,8,0
20170719,8,3,8,6,8,3,8
20170720,0,5,2,2,2,3,0
20170721,0,6,4,4,0,5,5
20170724,7,12,7,0,8,8,8
20170725,8,8,0,6,6,6,6
20170726,0,0,8,8,0,8,8
20170727,0,10,10,0,8,12,0
20170728,4,4,6,4,6,4,4
20170731,0,12,6,0,6,6,6
20170801,12,12,0,6,6,6,6
20170802,16,0,4,4,4,4,0
20170803,0,0,0,0,0,0,0
20170804,6,6,6,6,0,12,12
20170807,12,12,12,0,12,12,12
20170808,8,8,0,6,6,6,6
20170809,0,0,6,6,3,8,7
20170810,0,8,8,6,8,14,0
20170811,1,1,4,4,4,1,1
20170814,0,3,6,3,2,2,2
20170815,0,8,0,4,4,3,5
20170816,0,0,4,4,0,8,0
20170817,3,4,4,3,8,6,0
20170818,1,1,4,4,4,1,1
20170821,0,3,6,3,2,2,2
20170822,0,18,0,6,6,6,0
20170823,18,0,12,12,12,0,18
20170824,0,6,6,6,0,18,0
20170825,4,4,4,6,12,3,3
20170828,6,6,12,6,6,6,6
20170829,0,15,0,9,12,0,6
20170830,10,0,6,12,0,8,0
20170831,6,6,8,6,8,9,9
20170901,6,3,6,3,4,8,0
20170905,0,3,2,2,2,3,0
20170906,0,4,2,4,6,2,2
20170907,3,3,8,6,3,4,3
20170908,0,5,0,3,2,4,0
20170911,0,4,8,3,6,9,0
20170912,3,8,3,6,8,0,0
20170913,4,4,4,4,0,6,0
20170914,2,2,2,3,4,3,0
20170915,5,5,9,6,6,5,6
20170918,0,6,2,4,4,0,0
20170919,5,6,6,5,0,6,6
20170920,4,6,4,0,4,8,0
20170921,3,3,3,3,4,4,0
20170922,0,8,4,3,6,3,6
20170925,9,9,8,6,8,6,6
20170926,0,12,0,12,0,0,0
20170927,16,0,16,0,16,0,16
20170928,0,0,0,12,0,12,0
20170929,6,6,8,6,8,9,9
20171002,6,3,6,3,4,8,0
20171003,0,6,3,4,3,4,4
20171004,0,3,4,0,4,3,0
20171005,6,8,4,8,4,8,6
20171006,0,3,4,0,4,3,0
20171009,6,5,6,5,4,6,6
20171010,0,6,3,0,3,6,0
20171011,6,6,4,5,6,5,6
20171012,0,3,4,0,4,3,0
20171013,6,5,6,5,4,6,6
20171016,10,12,10,4,12,12,0
20171017,8,8,0,8,8,0,0
20171018,5,3,4,4,0,8,0
20171019,2,2,2,3,6,3,0
20171020,1,1,4,4,4,1,1
20171023,0,3,4,3,2,2,2
20171024,0,14,0,8,6,8,0
20171025,7,0,6,3,6,0,0
20171026,4,10,9,10,0,11,14
20171027,12,12,12,0,14,14,0
20171030,15,15,0,18,20,0,8
20171031,15,4,12,14,4,8,11
20171101,3,3,6,3,6,9,0
20171102,4,2,4,6,8,2,2
20171103,0,3,6,3,2,2,2
20171106,0,8,0,4,4,3,5
20171107,0,0,4,4,0,8,0
20171108,6,6,6,6,12,6,6
20171109,2,2,6,4,2,4,0
20171110,0,3,2,2,2,3,0
20171113,0,4,2,4,6,2,2
20171114,2,2,6,4,2,4,0
20171115,0,4,4,3,3,3,3
20171116,0,12,6,0,6,6,6
20171117,8,8,0,6,6,6,6
20171120,0,0,8,8,0,8,8
20171121,0,18,20,0,15,15,8
20171122,15,12,0,12,14,4,9
20171124,0,0,0,6,0,6,0
20171127,3,3,6,3,6,9,0
20171128,2,2,2,4,4,2,0
20171129,0,1,1,2,1,1,0
20171130,0,5,6,4,4,4,3
20171201,0,6,2,4,4,0,0
20171204,4,4,4,4,0,6,0
20171205,8,10,7,4,10,6,9
20171206,8,8,4,6,6,6,6
20171207,0,8,0,14,0,6,0
20171208,12,0,21,0,21,0,12
20171211,0,12,0,24,0,12,0
20171212,6,0,12,0,6,0,0
20171213,6,8,6,8,0,10,10
20171214,5,8,5,0,5,8,5
20171215,10,10,0,8,6,8,6
20171218,0,0,9,0,9,0,0
20171219,0,9,0,9,0,0,0
20171220,8,6,8,6,0,10,10
20171221,12,12,12,0,12,12,12
20171222,8,8,0,6,6,6,6
20171226,0,0,4,4,0,8,0
20171227,6,6,6,6,12,6,6
20171228,3,3,12,6,4,4,4
20171229,0,7,0,2,2,3,0
20180102,0,4,3,3,0,10,0
20180103,4,6,6,4,11,0,11
20180104,6,6,6,6,0,8,8
20180105,10,12,10,0,12,12,4
20180108,8,8,0,6,6,4,0
20180109,0,6,4,4,0,7,7
20180110,8,8,8,0,7,12,7
20180111,10,10,0,8,6,8,6
20180112,0,0,9,0,9,0,0
20180116,0,9,0,9,0,0,0
20180117,9,4,14,12,0,12,15
20180118,3,8,8,0,7,12,0
20180119,3,3,3,3,4,4,0
20180122,0,2,1,2,3,2,0
20180123,2,2,8,6,4,2,4
20180124,0,5,2,2,2,3,0
20180125,0,4,2,3,0,5,0
20180126,5,8,5,4,8,4,8
20180129,5,5,3,4,3,6,0
20180130,0,6,4,4,0,5,5
20180131,10,14,9,0,10,10,9
20180201,16,11,0,9,12,9,9
20180202,0,0,0,6,0,6,0
20180205,6,6,8,6,8,9,9
20180206,12,4,12,4,8,8,8
20180207,0,7,0,2,2,3,0
20180208,0,3,2,2,0,7,0
20180209,8,8,8,4,12,4,12
20180212,9,9,8,6,8,6,6
20180213,0,8,0,12,6,0,10
20180214,8,0,20,18,0,15,15
20180215,0,18,18,0,12,12,12
20180216,7,7,0,4,4,6,0
20180220,0,3,2,2,0,7,0
20180221,2,2,2,3,6,3,0
20180222,5,5,9,6,6,5,6
20180223,0,15,6,9,12,0,0
20180226,21,12,12,21,0,0,0
20180227,9,0,9,0,0,0,0
20180228,6,6,6,6,0,12,12
20180301,6,6,6,0,6,12,0
20180302,4,4,6,4,6,4,4
20180305,0,8,4,0,4,6,4
20180306,10,7,0,7,10,8,8
20180307,0,0,4,4,2,6,0
20180308,4,9,12,6,9,7,9
20180309,0,16,6,6,10,6,0
20180312,18,8,8,18,15,0,15
20180313,6,0,12,9,0,15,0
20180314,6,6,6,6,12,6,6
20180315,3,3,12,6,4,4,4
20180316,0,10,0,3,6,3,6
20180319,0,0,0,6,0,6,0
20180320,6,6,8,6,8,9,9
20180321,6,3,6,3,4,8,0
20180322,0,4,4,3,3,3,3
20180323,0,6,3,0,3,6,0
20180326,12,9,4,8,9,8,4
20180327,0,3,2,0,5,0,0
20180328,6,6,6,6,0,8,8
20180329,7,12,7,0,8,8,8
20180402,8,8,0,6,6,6,6
20180403,0,0,6,10,0,10,6
20180404,0,12,22,0,18,8,8
20180405,8,10,4,12,6,4,10
20180406,0,3,2,2,0,7,0
20180409,4,4,4,6,12,3,3
20180410,3,3,12,6,4,4,4
20180411,0,7,0,2,2,3,0
20180412,0,4,6,6,0,8,8
20180413,4,12,12,0,10,12,10
20180416,8,8,0,6,6,6,6
20180417,0,0,9,0,3,3,3
20180418,0,10,0,3,3,4,0
20180419,0,3,2,2,0,7,0
20180420,2,2,2,3,6,3,0
20180423,2,2,8,6,4,2,4
20180424,0,8,3,3,5,3,4
20180425,0,4,0,10,0,3,3
20180426,8,0,22,0,18,8,12
20180427,0,10,0,12,6,8,0
20180430,8,4,9,12,4,8,9
20180501,8,18,15,8,18,15,0
20180502,20,18,8,15,15,0,0
20180503,12,0,6,6,0,0,0
20180504,4,9,9,9,0,13,18
20180507,6,6,6,0,6,12,0
20180508,3,3,3,3,4,4,0
20180509,0,4,2,4,6,2,2
20180510,6,6,12,6,6,6,6
20180511,0,8,0,4,4,0,0
20180514,6,6,6,6,0,8,8
20180515,6,6,6,0,6,12,0
20180516,8,8,4,6,6,6,6
20180517,0,3,2,0,5,0,0
20180518,6,6,6,6,0,8,8
20180521,7,12,7,0,8,8,8
20180522,7,7,0,4,4,6,0
20180523,0,4,3,8,0,9,6
20180524,3,3,10,0,8,8,0
20180525,6,5,6,5,4,6,6
20180529,0,6,3,0,3,6,0
20180530,4,4,6,4,6,4,4
20180531,0,6,3,0,3,6,0
20180601,12,9,4,8,9,8,4
20180604,11,4,6,4,11,4,4
20180605,4,4,0,15,12,4,15
20180606,3,0,9,9,3,12,0
20180607,3,4,4,4,6,5,0
20180608,0,1,1,2,1,1,0
20180611,0,1,2,3,2,1,1
20180612,0,6,8,3,4,4,3
20180613,0,8,0,4,4,0,0
20180614,6,6,6,6,0,8,8
20180615,6,6,6,0,6,12,0
20180618,4,4,6,4,6,4,4
20180619,0,6,3,0,3,6,0
20180620,4,4,6,4,6,4,4
20180621,0,8,4,0,4,6,4
20180622,12,9,0,8,9,8,6
20180625,0,0,5,0,2,3,0
20180626,4,11,4,6,4,11,4
20180627,0,4,3,6,9,0,8
20180628,4,4,12,15,0,15,4
20180629,3,6,9,0,8,4,0
20180702,6,8,4,8,4,8,6
20180703,0,3,4,0,4,3,0
20180705,6,5,6,5,4,6,6
20180706,0,12,6,0,6,6,6
20180709,18,13,0,9,9,9,4
20180710,0,0,0,0,0,0,0
20180711,3,3,3,3,0,12,0
20180712,8,8,8,4,12,4,12
20180713,6,6,4,6,5,6,5
20180716,0,3,4,5,0,6,0
20180717,6,6,5,6,9,5,5
20180718,2,2,6,4,2,4,0
20180719,0,6,3,4,3,4,4
20180720,0,3,4,0,4,3,0
20180723,6,5,6,5,4,6,6
20180724,0,12,7,0,8,8,3
20180725,18,14,0,12,12,4,4
20180726,0,0,0,0,0,0,0
20180727,3,3,3,3,0,12,0
20180730,4,4,4,6,12,3,3
20180731,3,3,12,6,4,4,4
20180801,0,18,0,6,6,6,0
20180802,22,0,8,8,18,0,12
20180803,0,0,0,12,0,12,0
20180806,6,6,8,6,8,9,9
20180807,6,3,6,3,4,8,0
20180808,0,4,4,3,3,3,3
20180809,0,12,6,0,6,6,6
20180810,7,7,0,4,4,6,0
20180813,0,4,6,6,0,8,8
20180814,4,12,12,0,10,12,10
20180815,6,6,0,5,6,6,5
20180816,0,0,10,6,6,10,0
20180817,0,21,12,12,21,0,0
20180820,10,6,6,10,0,0,0
20180821,8,6,8,6,0,10,10
20180822,12,12,12,0,12,12,12
20180823,12,12,0,6,6,6,6
20180824,0,0,0,0,0,0,0
20180827,0,0,0,0,0,0,0
20180828,0,0,0,0,16,0,16
20180829,0,0,0,16,0,16,0
20180830,0,0,15,8,15,0,20
20180831,0,12,15,16,0,16,15
20180904,4,8,6,0,5,9,0
20180905,3,3,3,3,4,4,0
20180906,0,2,1,2,3,2,0
20180907,1,1,4,4,4,1,1
20180910,0,2,3,2,1,2,0
20180911,0,12,3,6,6,7,0
20180912,6,3,4,3,6,0,0
20180913,6,6,4,11,0,11,4
20180914,4,3,7,0,6,4,0
20180917,4,4,3,4,3,6,0
20180918,0,4,2,4,6,2,2
20180919,5,5,9,6,5,6,6
20180920,0,15,0,12,9,6,0
20180921,10,0,10,6,6,0,0
20180924,4,10,9,10,0,11,14
20180925,8,10,7,0,7,10,8
20180926,5,5,0,4,4,6,0
20180927,0,4,5,6,3,6,6
20180928,3,6,8,3,5,9,0
20181001,0,4,4,3,3,3,3
20181002,9,12,9,4,10,10,4
20181003,18,14,0,12,12,4,4
20181004,0,0,0,0,0,0,0
20181005,6,6,6,6,0,12,12
20181008,12,12,12,0,12,12,12
20181009,12,12,0,6,6,6,6
20181010,0,0,0,0,0,0,0
20181011,6,6,6,6,0,12,12
20181012,12,12,12,0,12,12,12
20181015,7,7,0,4,4,6,0
20181016,0,4,6,6,0,8,8
20181017,3,8,8,0,7,12,0
20181018,3,3,3,3,4,4,0
20181019,0,8,4,3,6,3,6
20181022,8,8,4,6,6,6,6
20181023,0,4,0,10,0,3,3
20181024,3,0,10,0,3,4,0
20181025,6,6,6,6,4,8,8
20181026,0,6,3,0,3,6,0
20181029,3,3,3,3,4,4,0
20181030,0,8,4,3,6,3,6
20181031,16,10,8,9,12,9,4
20181101,0,12,0,12,9,0,9
20181102,9,0,9,12,0,12,0
20181105,6,6,8,6,8,9,9
20181106,12,4,12,4,8,8,8
20181107,0,12,0,3,3,3,3
20181108,0,0,3,3,3,0,9
20181109,0,6,6,6,0,18,0
20181112,2,2,2,3,6,3,0
20181113,1,1,4,4,4,1,1
20181114,0,3,4,3,2,2,2
20181115,0,14,0,8,6,8,0
20181116,18,0,12,8,18,0,8
20181119,0,6,0,14,0,8,0
20181120,4,3,5,3,3,8,0
20181121,8,3,8,6,8,3,8
20181123,0,8,3,3,5,3,4
20181126,0,4,0,10,0,3,3
20181127,4,0,14,0,12,4,12
20181128,0,20,0,15,8,15,0
20181129,7,0,6,3,6,0,0
20181130,6,8,6,8,0,10,10
20181203,7,12,7,0,8,8,8
20181204,7,7,0,4,4,6,0
20181206,0,6,4,4,0,7,7
20181207,6,6,6,0,6,12,0
20181210,6,6,4,5,6,5,6
20181211,0,4,6,0,7,3,4
20181212,4,16,0,13,8,9,4
20181213,16,0,13,8,9,4,4
20181214,0,10,0,3,3,4,0
20181217,0,6,4,4,0,7,7
20181218,12,12,12,0,12,12,12
20181219,7,7,0,4,4,6,0
20181220,0,6,4,4,0,7,7
20181221,6,6,6,0,6,12,0
20181224,4,4,6,4,6,4,4
20181226,0,12,8,0,10,10,0
20181227,12,10,4,12,12,0,10
20181228,10,9,10,10,0,9,14
20181231,12,14,14,0,14,14,12
20190102,7,7,0,4,4,6,0
20190103,0,3,2,2,0,7,0
20190104,4,4,4,6,12,3,3
20190107,3,3,8,6,3,4,3
20190108,0,8,0,5,3,4,4
20190109,0,0,7,0,6,3,6
20190110,0,9,4,10,6,9,10
20190111,0,3,2,2,2,5,0
20190114,2,2,2,4,4,2,0
20190115,0,2,4,4,2,2,2
20190116,0,8,3,3,5,3,4
20190117,0,4,0,9,6,3,8
20190118,4,0,14,18,4,12,12
20190122,0,8,10,3,6,9,0
20190123,0,4,4,3,3,3,3
20190124,0,8,4,0,4,6,4
20190125,10,10,0,8,6,8,6
20190128,0,0,4,0,4,0,0
20190129,3,6,3,6,0,10,0
20190130,8,9,8,4,12,9,4
20190131,6,6,3,6,5,4,0
